--insert data
    -- STUDENT
INSERT INTO STUDENT VALUES('2018000001', 'IT대학', 'knu2018000001@knu.ac.kr', 'comp322', '01088839752', '김태훈', 'M', '컴퓨터학부', 'knu2018000001');
INSERT INTO STUDENT VALUES('2018000002', 'IT대학', 'knu2018000002@knu.ac.kr', 'comp322', '01055561688', '이영민', 'M', '전자공학부', 'knu2018000002');
INSERT INTO STUDENT VALUES('2018000003', 'IT대학', 'knu2018000003@knu.ac.kr', 'comp322', '01038636725', '김태경', 'M', '컴퓨터학부', 'knu2018000003');
INSERT INTO STUDENT VALUES('2018000004', '경상대학', 'knu2018000004@knu.ac.kr', 'comp322', '01016268768', '강호민', 'M', '경영학부', 'knu2018000004');
INSERT INTO STUDENT VALUES('2018000005', 'IT대학', 'knu2018000005@knu.ac.kr', 'comp322', '01050313544', '김영하', 'M', '컴퓨터학부', 'knu2018000005');
INSERT INTO STUDENT VALUES('2018000006', '경상대학', 'knu2018000006@knu.ac.kr', 'comp322', '01086387749', '김신욱', 'M', '경영학부', 'knu2018000006');
INSERT INTO STUDENT VALUES('2018000007', 'IT대학', 'knu2018000007@knu.ac.kr', 'comp322', '01051506045', '김태호', 'M', '전자공학부', 'knu2018000007');
INSERT INTO STUDENT VALUES('2018000008', '경상대학', 'knu2018000008@knu.ac.kr', 'comp322', '01069789974', '김민재', 'M', '경영학부', 'knu2018000008');
INSERT INTO STUDENT VALUES('2018000009', '공과대학', 'knu2018000009@knu.ac.kr', 'comp322', '01029415631', '김영하', 'M', '기계공학부', 'knu2018000009');
INSERT INTO STUDENT VALUES('2018000010', 'IT대학', 'knu2018000010@knu.ac.kr', 'comp322', '01027671809', '정재호', 'M', '컴퓨터학부', 'knu2018000010');
INSERT INTO STUDENT VALUES('2018000011', 'IT대학', 'knu2018000011@knu.ac.kr', 'comp322', '01025223504', '이용진', 'M', '전자공학부', 'knu2018000011');
INSERT INTO STUDENT VALUES('2018000012', 'IT대학', 'knu2018000012@knu.ac.kr', 'comp322', '01016025347', '곽민수', 'M', '컴퓨터학부', 'knu2018000012');
INSERT INTO STUDENT VALUES('2018000013', '경상대학', 'knu2018000013@knu.ac.kr', 'comp322', '01097437148', '김연아', 'F', '경영학부', 'knu2018000013');
INSERT INTO STUDENT VALUES('2018000014', 'IT대학', 'knu2018000014@knu.ac.kr', 'comp322', '01082968630', '박준범', 'M', '전자공학부', 'knu2018000014');
INSERT INTO STUDENT VALUES('2018000015', '공과대학', 'knu2018000015@knu.ac.kr', 'comp322', '01085096870', '강호정', 'M', '기계공학부', 'knu2018000015');
INSERT INTO STUDENT VALUES('2018000016', '공과대학', 'knu2018000016@knu.ac.kr', 'comp322', '01096104066', '박준범', 'M', '기계공학부', 'knu2018000016');
INSERT INTO STUDENT VALUES('2018000017', '공과대학', 'knu2018000017@knu.ac.kr', 'comp322', '01097597621', '김태호', 'M', '기계공학부', 'knu2018000017');
INSERT INTO STUDENT VALUES('2018000018', '경상대학', 'knu2018000018@knu.ac.kr', 'comp322', '01090132363', '강호정', 'M', '경영학부', 'knu2018000018');
INSERT INTO STUDENT VALUES('2018000019', '경상대학', 'knu2018000019@knu.ac.kr', 'comp322', '01072799513', '이지은', 'F', '경영학부', 'knu2018000019');
INSERT INTO STUDENT VALUES('2018000020', 'IT대학', 'knu2018000020@knu.ac.kr', 'comp322', '01066142312', '유시아', 'F', '컴퓨터학부', 'knu2018000020');
INSERT INTO STUDENT VALUES('2018000021', 'IT대학', 'knu2018000021@knu.ac.kr', 'comp322', '01054769084', '김영하', 'M', '컴퓨터학부', 'knu2018000021');
INSERT INTO STUDENT VALUES('2018000022', 'IT대학', 'knu2018000022@knu.ac.kr', 'comp322', '01081806168', '김연아', 'F', '컴퓨터학부', 'knu2018000022');
INSERT INTO STUDENT VALUES('2018000023', '공과대학', 'knu2018000023@knu.ac.kr', 'comp322', '01051372623', '김성민', 'M', '기계공학부', 'knu2018000023');
INSERT INTO STUDENT VALUES('2018000024', 'IT대학', 'knu2018000024@knu.ac.kr', 'comp322', '01040964892', '김민재', 'M', '전자공학부', 'knu2018000024');
INSERT INTO STUDENT VALUES('2018000025', '경상대학', 'knu2018000025@knu.ac.kr', 'comp322', '01047336518', '이광진', 'M', '경영학부', 'knu2018000025');
INSERT INTO STUDENT VALUES('2018000026', 'IT대학', 'knu2018000026@knu.ac.kr', 'comp322', '01083064893', '김신욱', 'M', '컴퓨터학부', 'knu2018000026');
INSERT INTO STUDENT VALUES('2018000027', '경상대학', 'knu2018000027@knu.ac.kr', 'comp322', '01067169806', '정은지', 'F', '경영학부', 'knu2018000027');
INSERT INTO STUDENT VALUES('2018000028', '경상대학', 'knu2018000028@knu.ac.kr', 'comp322', '01038512309', '최효정', 'F', '경영학부', 'knu2018000028');
INSERT INTO STUDENT VALUES('2018000029', '경상대학', 'knu2018000029@knu.ac.kr', 'comp322', '01036033675', '차은우', 'M', '경영학부', 'knu2018000029');
INSERT INTO STUDENT VALUES('2018000030', '경상대학', 'knu2018000030@knu.ac.kr', 'comp322', '01090901371', '김태호', 'M', '경영학부', 'knu2018000030');
INSERT INTO STUDENT VALUES('2018000031', 'IT대학', 'knu2018000031@knu.ac.kr', 'comp322', '01089329576', '이찬구', 'M', '컴퓨터학부', 'knu2018000031');
INSERT INTO STUDENT VALUES('2018000032', 'IT대학', 'knu2018000032@knu.ac.kr', 'comp322', '01028439120', '진진욱', 'F', '컴퓨터학부', 'knu2018000032');
INSERT INTO STUDENT VALUES('2018000033', 'IT대학', 'knu2018000033@knu.ac.kr', 'comp322', '01053035236', '정재호', 'M', '컴퓨터학부', 'knu2018000033');
INSERT INTO STUDENT VALUES('2018000034', '경상대학', 'knu2018000034@knu.ac.kr', 'comp322', '01031617072', '최영훈', 'M', '경영학부', 'knu2018000034');
INSERT INTO STUDENT VALUES('2018000035', '공과대학', 'knu2018000035@knu.ac.kr', 'comp322', '01051379891', '김태훈', 'M', '기계공학부', 'knu2018000035');
INSERT INTO STUDENT VALUES('2018000036', '공과대학', 'knu2018000036@knu.ac.kr', 'comp322', '01050941872', '손흥민', 'M', '기계공학부', 'knu2018000036');
INSERT INTO STUDENT VALUES('2018000037', 'IT대학', 'knu2018000037@knu.ac.kr', 'comp322', '01019953376', '이나은', 'F', '컴퓨터학부', 'knu2018000037');
INSERT INTO STUDENT VALUES('2018000038', '공과대학', 'knu2018000038@knu.ac.kr', 'comp322', '01090305302', '곽민수', 'M', '기계공학부', 'knu2018000038');
INSERT INTO STUDENT VALUES('2018000039', '공과대학', 'knu2018000039@knu.ac.kr', 'comp322', '01081946480', '정수민', 'F', '기계공학부', 'knu2018000039');
INSERT INTO STUDENT VALUES('2018000040', 'IT대학', 'knu2018000040@knu.ac.kr', 'comp322', '01052413309', '이지은', 'F', '컴퓨터학부', 'knu2018000040');
INSERT INTO STUDENT VALUES('2019000001', 'IT대학', 'knu2019000001@knu.ac.kr', 'comp322', '01064458908', '김지은', 'F', '컴퓨터학부', 'knu2019000001');
INSERT INTO STUDENT VALUES('2019000002', 'IT대학', 'knu2019000002@knu.ac.kr', 'comp322', '01064202869', '이용건', 'M', '컴퓨터학부', 'knu2019000002');
INSERT INTO STUDENT VALUES('2019000003', 'IT대학', 'knu2019000003@knu.ac.kr', 'comp322', '01095528707', '송강호', 'M', '전자공학부', 'knu2019000003');
INSERT INTO STUDENT VALUES('2019000004', '경상대학', 'knu2019000004@knu.ac.kr', 'comp322', '01053973874', '송득모', 'M', '경영학부', 'knu2019000004');
INSERT INTO STUDENT VALUES('2019000005', '경상대학', 'knu2019000005@knu.ac.kr', 'comp322', '01099888044', '강호정', 'M', '경영학부', 'knu2019000005');
INSERT INTO STUDENT VALUES('2019000006', 'IT대학', 'knu2019000006@knu.ac.kr', 'comp322', '01040313742', '노유수', 'M', '컴퓨터학부', 'knu2019000006');
INSERT INTO STUDENT VALUES('2019000007', 'IT대학', 'knu2019000007@knu.ac.kr', 'comp322', '01090886813', '송재헌', 'M', '컴퓨터학부', 'knu2019000007');
INSERT INTO STUDENT VALUES('2019000008', 'IT대학', 'knu2019000008@knu.ac.kr', 'comp322', '01058697308', '김나영', 'F', '전자공학부', 'knu2019000008');
INSERT INTO STUDENT VALUES('2019000009', '경상대학', 'knu2019000009@knu.ac.kr', 'comp322', '01026185401', '이병건', 'M', '경영학부', 'knu2019000009');
INSERT INTO STUDENT VALUES('2019000010', '공과대학', 'knu2019000010@knu.ac.kr', 'comp322', '01032356383', '송강호', 'M', '기계공학부', 'knu2019000010');
INSERT INTO STUDENT VALUES('2019000011', '공과대학', 'knu2019000011@knu.ac.kr', 'comp322', '01030905438', '정수민', 'F', '기계공학부', 'knu2019000011');
INSERT INTO STUDENT VALUES('2019000012', 'IT대학', 'knu2019000012@knu.ac.kr', 'comp322', '01075037898', '천세준', 'M', '전자공학부', 'knu2019000012');
INSERT INTO STUDENT VALUES('2019000013', '경상대학', 'knu2019000013@knu.ac.kr', 'comp322', '01020821061', '강나연', 'F', '경영학부', 'knu2019000013');
INSERT INTO STUDENT VALUES('2019000014', 'IT대학', 'knu2019000014@knu.ac.kr', 'comp322', '01079026763', '차유람', 'F', '전자공학부', 'knu2019000014');
INSERT INTO STUDENT VALUES('2019000015', 'IT대학', 'knu2019000015@knu.ac.kr', 'comp322', '01084745329', '천세준', 'M', '컴퓨터학부', 'knu2019000015');
INSERT INTO STUDENT VALUES('2019000016', '공과대학', 'knu2019000016@knu.ac.kr', 'comp322', '01072291274', '김영훈', 'M', '기계공학부', 'knu2019000016');
INSERT INTO STUDENT VALUES('2019000017', 'IT대학', 'knu2019000017@knu.ac.kr', 'comp322', '01085253531', '손흥민', 'M', '전자공학부', 'knu2019000017');
INSERT INTO STUDENT VALUES('2019000018', 'IT대학', 'knu2019000018@knu.ac.kr', 'comp322', '01035492796', '이광진', 'M', '컴퓨터학부', 'knu2019000018');
INSERT INTO STUDENT VALUES('2019000019', 'IT대학', 'knu2019000019@knu.ac.kr', 'comp322', '01075287679', '박준우', 'M', '전자공학부', 'knu2019000019');
INSERT INTO STUDENT VALUES('2019000020', 'IT대학', 'knu2019000020@knu.ac.kr', 'comp322', '01091328973', '류호찬', 'M', '전자공학부', 'knu2019000020');
INSERT INTO STUDENT VALUES('2019000021', '경상대학', 'knu2019000021@knu.ac.kr', 'comp322', '01060132647', '김태성', 'M', '경영학부', 'knu2019000021');
INSERT INTO STUDENT VALUES('2019000022', 'IT대학', 'knu2019000022@knu.ac.kr', 'comp322', '01095687879', '송득모', 'M', '전자공학부', 'knu2019000022');
INSERT INTO STUDENT VALUES('2019000023', 'IT대학', 'knu2019000023@knu.ac.kr', 'comp322', '01094577568', '이나은', 'F', '컴퓨터학부', 'knu2019000023');
INSERT INTO STUDENT VALUES('2019000024', '공과대학', 'knu2019000024@knu.ac.kr', 'comp322', '01094377359', '강나연', 'F', '기계공학부', 'knu2019000024');
INSERT INTO STUDENT VALUES('2019000025', 'IT대학', 'knu2019000025@knu.ac.kr', 'comp322', '01012534230', '이나은', 'F', '전자공학부', 'knu2019000025');
INSERT INTO STUDENT VALUES('2019000026', 'IT대학', 'knu2019000026@knu.ac.kr', 'comp322', '01030704954', '이병건', 'M', '컴퓨터학부', 'knu2019000026');
INSERT INTO STUDENT VALUES('2019000027', 'IT대학', 'knu2019000027@knu.ac.kr', 'comp322', '01027307763', '김성태', 'M', '컴퓨터학부', 'knu2019000027');
INSERT INTO STUDENT VALUES('2019000028', 'IT대학', 'knu2019000028@knu.ac.kr', 'comp322', '01072731361', '최영훈', 'M', '컴퓨터학부', 'knu2019000028');
INSERT INTO STUDENT VALUES('2019000029', 'IT대학', 'knu2019000029@knu.ac.kr', 'comp322', '01079321074', '박준범', 'M', '컴퓨터학부', 'knu2019000029');
INSERT INTO STUDENT VALUES('2019000030', '공과대학', 'knu2019000030@knu.ac.kr', 'comp322', '01086916263', '이광진', 'M', '기계공학부', 'knu2019000030');
INSERT INTO STUDENT VALUES('2019000031', 'IT대학', 'knu2019000031@knu.ac.kr', 'comp322', '01075723753', '박준우', 'M', '컴퓨터학부', 'knu2019000031');
INSERT INTO STUDENT VALUES('2019000032', '경상대학', 'knu2019000032@knu.ac.kr', 'comp322', '01078339246', '정수민', 'F', '경영학부', 'knu2019000032');
INSERT INTO STUDENT VALUES('2019000033', 'IT대학', 'knu2019000033@knu.ac.kr', 'comp322', '01059051994', '진진욱', 'F', '컴퓨터학부', 'knu2019000033');
INSERT INTO STUDENT VALUES('2019000034', 'IT대학', 'knu2019000034@knu.ac.kr', 'comp322', '01094705095', '구나현', 'F', '컴퓨터학부', 'knu2019000034');
INSERT INTO STUDENT VALUES('2019000035', '공과대학', 'knu2019000035@knu.ac.kr', 'comp322', '01053294443', '유재석', 'M', '기계공학부', 'knu2019000035');
INSERT INTO STUDENT VALUES('2019000036', 'IT대학', 'knu2019000036@knu.ac.kr', 'comp322', '01056467923', '김성민', 'M', '전자공학부', 'knu2019000036');
INSERT INTO STUDENT VALUES('2019000037', '공과대학', 'knu2019000037@knu.ac.kr', 'comp322', '01069733365', '정은지', 'F', '기계공학부', 'knu2019000037');
INSERT INTO STUDENT VALUES('2019000038', '공과대학', 'knu2019000038@knu.ac.kr', 'comp322', '01050269885', '송강호', 'M', '기계공학부', 'knu2019000038');
INSERT INTO STUDENT VALUES('2019000039', 'IT대학', 'knu2019000039@knu.ac.kr', 'comp322', '01082962643', '배유빈', 'F', '전자공학부', 'knu2019000039');
INSERT INTO STUDENT VALUES('2019000040', '공과대학', 'knu2019000040@knu.ac.kr', 'comp322', '01033284285', '송강호', 'M', '기계공학부', 'knu2019000040');
INSERT INTO STUDENT VALUES('2020000001', 'IT대학', 'knu2020000001@knu.ac.kr', 'comp322', '01047355645', '강호민', 'M', '컴퓨터학부', 'knu2020000001');
INSERT INTO STUDENT VALUES('2020000002', 'IT대학', 'knu2020000002@knu.ac.kr', 'comp322', '01036469195', '차유람', 'F', '전자공학부', 'knu2020000002');
INSERT INTO STUDENT VALUES('2020000003', '공과대학', 'knu2020000003@knu.ac.kr', 'comp322', '01030204123', '송강호', 'M', '기계공학부', 'knu2020000003');
INSERT INTO STUDENT VALUES('2020000004', 'IT대학', 'knu2020000004@knu.ac.kr', 'comp322', '01080369176', '송재헌', 'M', '전자공학부', 'knu2020000004');
INSERT INTO STUDENT VALUES('2020000005', 'IT대학', 'knu2020000005@knu.ac.kr', 'comp322', '01032119229', '이병건', 'M', '컴퓨터학부', 'knu2020000005');
INSERT INTO STUDENT VALUES('2020000006', '공과대학', 'knu2020000006@knu.ac.kr', 'comp322', '01099938666', '김영하', 'M', '기계공학부', 'knu2020000006');
INSERT INTO STUDENT VALUES('2020000007', '경상대학', 'knu2020000007@knu.ac.kr', 'comp322', '01012155864', '이용건', 'M', '경영학부', 'knu2020000007');
INSERT INTO STUDENT VALUES('2020000008', '경상대학', 'knu2020000008@knu.ac.kr', 'comp322', '01036267327', '정수민', 'F', '경영학부', 'knu2020000008');
INSERT INTO STUDENT VALUES('2020000009', '경상대학', 'knu2020000009@knu.ac.kr', 'comp322', '01058357083', '김기태', 'M', '경영학부', 'knu2020000009');
INSERT INTO STUDENT VALUES('2020000010', '경상대학', 'knu2020000010@knu.ac.kr', 'comp322', '01060602936', '정은지', 'F', '경영학부', 'knu2020000010');
INSERT INTO STUDENT VALUES('2020000011', '경상대학', 'knu2020000011@knu.ac.kr', 'comp322', '01030116583', '김성태', 'M', '경영학부', 'knu2020000011');
INSERT INTO STUDENT VALUES('2020000012', '경상대학', 'knu2020000012@knu.ac.kr', 'comp322', '01051046321', '이용건', 'M', '경영학부', 'knu2020000012');
INSERT INTO STUDENT VALUES('2020000013', '경상대학', 'knu2020000013@knu.ac.kr', 'comp322', '01097803905', '강호민', 'M', '경영학부', 'knu2020000013');
INSERT INTO STUDENT VALUES('2020000014', '공과대학', 'knu2020000014@knu.ac.kr', 'comp322', '01058328272', '김태호', 'M', '기계공학부', 'knu2020000014');
INSERT INTO STUDENT VALUES('2020000015', 'IT대학', 'knu2020000015@knu.ac.kr', 'comp322', '01051448851', '최영훈', 'M', '컴퓨터학부', 'knu2020000015');
INSERT INTO STUDENT VALUES('2020000016', 'IT대학', 'knu2020000016@knu.ac.kr', 'comp322', '01073985651', '필감빈', 'M', '컴퓨터학부', 'knu2020000016');
INSERT INTO STUDENT VALUES('2020000017', 'IT대학', 'knu2020000017@knu.ac.kr', 'comp322', '01011145872', '김성태', 'M', '전자공학부', 'knu2020000017');
INSERT INTO STUDENT VALUES('2020000018', '경상대학', 'knu2020000018@knu.ac.kr', 'comp322', '01023833590', '김연아', 'F', '경영학부', 'knu2020000018');
INSERT INTO STUDENT VALUES('2020000019', 'IT대학', 'knu2020000019@knu.ac.kr', 'comp322', '01061484478', '정재철', 'M', '컴퓨터학부', 'knu2020000019');
INSERT INTO STUDENT VALUES('2020000020', '공과대학', 'knu2020000020@knu.ac.kr', 'comp322', '01081878688', '정수민', 'F', '기계공학부', 'knu2020000020');
INSERT INTO STUDENT VALUES('2020000021', '공과대학', 'knu2020000021@knu.ac.kr', 'comp322', '01051377483', '이용진', 'M', '기계공학부', 'knu2020000021');
INSERT INTO STUDENT VALUES('2020000022', 'IT대학', 'knu2020000022@knu.ac.kr', 'comp322', '01098822690', '김성태', 'M', '컴퓨터학부', 'knu2020000022');
INSERT INTO STUDENT VALUES('2020000023', '공과대학', 'knu2020000023@knu.ac.kr', 'comp322', '01051374389', '손흥민', 'M', '기계공학부', 'knu2020000023');
INSERT INTO STUDENT VALUES('2020000024', 'IT대학', 'knu2020000024@knu.ac.kr', 'comp322', '01020338407', '이병건', 'M', '전자공학부', 'knu2020000024');
INSERT INTO STUDENT VALUES('2020000025', '공과대학', 'knu2020000025@knu.ac.kr', 'comp322', '01040674998', '이강인', 'M', '기계공학부', 'knu2020000025');
INSERT INTO STUDENT VALUES('2020000026', 'IT대학', 'knu2020000026@knu.ac.kr', 'comp322', '01038972329', '김지현', 'F', '컴퓨터학부', 'knu2020000026');
INSERT INTO STUDENT VALUES('2020000027', 'IT대학', 'knu2020000027@knu.ac.kr', 'comp322', '01055986111', '곽민수', 'M', '컴퓨터학부', 'knu2020000027');
INSERT INTO STUDENT VALUES('2020000028', '공과대학', 'knu2020000028@knu.ac.kr', 'comp322', '01096166530', '류호찬', 'M', '기계공학부', 'knu2020000028');
INSERT INTO STUDENT VALUES('2020000029', 'IT대학', 'knu2020000029@knu.ac.kr', 'comp322', '01052221551', '정재철', 'M', '전자공학부', 'knu2020000029');
INSERT INTO STUDENT VALUES('2020000030', '경상대학', 'knu2020000030@knu.ac.kr', 'comp322', '01068802232', '유시아', 'F', '경영학부', 'knu2020000030');
INSERT INTO STUDENT VALUES('2020000031', '경상대학', 'knu2020000031@knu.ac.kr', 'comp322', '01041798002', '유시아', 'F', '경영학부', 'knu2020000031');
INSERT INTO STUDENT VALUES('2020000032', 'IT대학', 'knu2020000032@knu.ac.kr', 'comp322', '01068518825', '이영민', 'M', '전자공학부', 'knu2020000032');
INSERT INTO STUDENT VALUES('2020000033', 'IT대학', 'knu2020000033@knu.ac.kr', 'comp322', '01048464569', '이강인', 'M', '전자공학부', 'knu2020000033');
INSERT INTO STUDENT VALUES('2020000034', '경상대학', 'knu2020000034@knu.ac.kr', 'comp322', '01070635454', '송강호', 'M', '경영학부', 'knu2020000034');
INSERT INTO STUDENT VALUES('2020000035', '공과대학', 'knu2020000035@knu.ac.kr', 'comp322', '01028378185', '박준우', 'M', '기계공학부', 'knu2020000035');
INSERT INTO STUDENT VALUES('2020000036', '공과대학', 'knu2020000036@knu.ac.kr', 'comp322', '01049768579', '김태경', 'M', '기계공학부', 'knu2020000036');
INSERT INTO STUDENT VALUES('2020000037', '공과대학', 'knu2020000037@knu.ac.kr', 'comp322', '01027625053', '김나영', 'F', '기계공학부', 'knu2020000037');
INSERT INTO STUDENT VALUES('2020000038', '경상대학', 'knu2020000038@knu.ac.kr', 'comp322', '01095017528', '김나영', 'F', '경영학부', 'knu2020000038');
INSERT INTO STUDENT VALUES('2020000039', '공과대학', 'knu2020000039@knu.ac.kr', 'comp322', '01067945043', '정재철', 'M', '기계공학부', 'knu2020000039');
INSERT INTO STUDENT VALUES('2020000040', 'IT대학', 'knu2020000040@knu.ac.kr', 'comp322', '01017961762', '김정연', 'F', '전자공학부', 'knu2020000040');
INSERT INTO STUDENT VALUES('2021000001', 'IT대학', 'knu2021000001@knu.ac.kr', 'comp322', '01034163495', '정은지', 'F', '전자공학부', 'knu2021000001');
INSERT INTO STUDENT VALUES('2021000002', '공과대학', 'knu2021000002@knu.ac.kr', 'comp322', '01038994798', '김민정', 'F', '기계공학부', 'knu2021000002');
INSERT INTO STUDENT VALUES('2021000003', '경상대학', 'knu2021000003@knu.ac.kr', 'comp322', '01020082302', '진진욱', 'F', '경영학부', 'knu2021000003');
INSERT INTO STUDENT VALUES('2021000004', 'IT대학', 'knu2021000004@knu.ac.kr', 'comp322', '01077859461', '김지현', 'F', '컴퓨터학부', 'knu2021000004');
INSERT INTO STUDENT VALUES('2021000005', 'IT대학', 'knu2021000005@knu.ac.kr', 'comp322', '01012619274', '강호민', 'M', '컴퓨터학부', 'knu2021000005');
INSERT INTO STUDENT VALUES('2021000006', '공과대학', 'knu2021000006@knu.ac.kr', 'comp322', '01051057858', '이영민', 'M', '기계공학부', 'knu2021000006');
INSERT INTO STUDENT VALUES('2021000007', 'IT대학', 'knu2021000007@knu.ac.kr', 'comp322', '01027266898', '이찬구', 'M', '전자공학부', 'knu2021000007');
INSERT INTO STUDENT VALUES('2021000008', 'IT대학', 'knu2021000008@knu.ac.kr', 'comp322', '01058309107', '주호민', 'M', '컴퓨터학부', 'knu2021000008');
INSERT INTO STUDENT VALUES('2021000009', 'IT대학', 'knu2021000009@knu.ac.kr', 'comp322', '01043578754', '김태호', 'M', '컴퓨터학부', 'knu2021000009');
INSERT INTO STUDENT VALUES('2021000010', 'IT대학', 'knu2021000010@knu.ac.kr', 'comp322', '01046978851', '박준범', 'M', '컴퓨터학부', 'knu2021000010');
INSERT INTO STUDENT VALUES('2021000011', 'IT대학', 'knu2021000011@knu.ac.kr', 'comp322', '01056652018', '이병건', 'M', '컴퓨터학부', 'knu2021000011');
INSERT INTO STUDENT VALUES('2021000012', 'IT대학', 'knu2021000012@knu.ac.kr', 'comp322', '01039231276', '김해진', 'M', '컴퓨터학부', 'knu2021000012');
INSERT INTO STUDENT VALUES('2021000013', '공과대학', 'knu2021000013@knu.ac.kr', 'comp322', '01015761306', '이광진', 'M', '기계공학부', 'knu2021000013');
INSERT INTO STUDENT VALUES('2021000014', '공과대학', 'knu2021000014@knu.ac.kr', 'comp322', '01068135967', '정수민', 'F', '기계공학부', 'knu2021000014');
INSERT INTO STUDENT VALUES('2021000015', 'IT대학', 'knu2021000015@knu.ac.kr', 'comp322', '01032331656', '정수민', 'F', '전자공학부', 'knu2021000015');
INSERT INTO STUDENT VALUES('2021000016', 'IT대학', 'knu2021000016@knu.ac.kr', 'comp322', '01014625514', '김민정', 'F', '전자공학부', 'knu2021000016');
INSERT INTO STUDENT VALUES('2021000017', 'IT대학', 'knu2021000017@knu.ac.kr', 'comp322', '01090031489', '손흥민', 'M', '컴퓨터학부', 'knu2021000017');
INSERT INTO STUDENT VALUES('2021000018', '경상대학', 'knu2021000018@knu.ac.kr', 'comp322', '01038177824', '송재헌', 'M', '경영학부', 'knu2021000018');
INSERT INTO STUDENT VALUES('2021000019', 'IT대학', 'knu2021000019@knu.ac.kr', 'comp322', '01024266100', '이용진', 'M', '전자공학부', 'knu2021000019');
INSERT INTO STUDENT VALUES('2021000020', 'IT대학', 'knu2021000020@knu.ac.kr', 'comp322', '01050565964', '김신욱', 'M', '전자공학부', 'knu2021000020');
INSERT INTO STUDENT VALUES('2021000021', '공과대학', 'knu2021000021@knu.ac.kr', 'comp322', '01088789514', '박준범', 'M', '기계공학부', 'knu2021000021');
INSERT INTO STUDENT VALUES('2021000022', '공과대학', 'knu2021000022@knu.ac.kr', 'comp322', '01027283741', '최효정', 'F', '기계공학부', 'knu2021000022');
INSERT INTO STUDENT VALUES('2021000023', 'IT대학', 'knu2021000023@knu.ac.kr', 'comp322', '01057009367', '김태호', 'M', '전자공학부', 'knu2021000023');
INSERT INTO STUDENT VALUES('2021000024', '경상대학', 'knu2021000024@knu.ac.kr', 'comp322', '01033744247', '최효정', 'F', '경영학부', 'knu2021000024');
INSERT INTO STUDENT VALUES('2021000025', 'IT대학', 'knu2021000025@knu.ac.kr', 'comp322', '01068938976', '차은우', 'M', '컴퓨터학부', 'knu2021000025');
INSERT INTO STUDENT VALUES('2021000026', 'IT대학', 'knu2021000026@knu.ac.kr', 'comp322', '01044838052', '김민정', 'F', '전자공학부', 'knu2021000026');
INSERT INTO STUDENT VALUES('2021000027', '경상대학', 'knu2021000027@knu.ac.kr', 'comp322', '01094092387', '차유람', 'F', '경영학부', 'knu2021000027');
INSERT INTO STUDENT VALUES('2021000028', '경상대학', 'knu2021000028@knu.ac.kr', 'comp322', '01073768866', '이용진', 'M', '경영학부', 'knu2021000028');
INSERT INTO STUDENT VALUES('2021000029', 'IT대학', 'knu2021000029@knu.ac.kr', 'comp322', '01027314898', '송득모', 'M', '컴퓨터학부', 'knu2021000029');
INSERT INTO STUDENT VALUES('2021000030', '공과대학', 'knu2021000030@knu.ac.kr', 'comp322', '01052086826', '유시아', 'F', '기계공학부', 'knu2021000030');
INSERT INTO STUDENT VALUES('2021000031', '경상대학', 'knu2021000031@knu.ac.kr', 'comp322', '01056329275', '주호민', 'M', '경영학부', 'knu2021000031');
INSERT INTO STUDENT VALUES('2021000032', 'IT대학', 'knu2021000032@knu.ac.kr', 'comp322', '01027361892', '최효정', 'F', '컴퓨터학부', 'knu2021000032');
INSERT INTO STUDENT VALUES('2021000033', '공과대학', 'knu2021000033@knu.ac.kr', 'comp322', '01054679978', '김민재', 'M', '기계공학부', 'knu2021000033');
INSERT INTO STUDENT VALUES('2021000034', '공과대학', 'knu2021000034@knu.ac.kr', 'comp322', '01047187927', '박준우', 'M', '기계공학부', 'knu2021000034');
INSERT INTO STUDENT VALUES('2021000035', 'IT대학', 'knu2021000035@knu.ac.kr', 'comp322', '01011919461', '이용건', 'M', '컴퓨터학부', 'knu2021000035');
INSERT INTO STUDENT VALUES('2021000036', 'IT대학', 'knu2021000036@knu.ac.kr', 'comp322', '01098101275', '이나은', 'F', '전자공학부', 'knu2021000036');
INSERT INTO STUDENT VALUES('2021000037', '공과대학', 'knu2021000037@knu.ac.kr', 'comp322', '01076977292', '황희찬', 'M', '기계공학부', 'knu2021000037');
INSERT INTO STUDENT VALUES('2021000038', 'IT대학', 'knu2021000038@knu.ac.kr', 'comp322', '01098734038', '김지현', 'F', '컴퓨터학부', 'knu2021000038');
INSERT INTO STUDENT VALUES('2021000039', '공과대학', 'knu2021000039@knu.ac.kr', 'comp322', '01056478005', '구나현', 'F', '기계공학부', 'knu2021000039');
INSERT INTO STUDENT VALUES('2021000040', 'IT대학', 'knu2021000040@knu.ac.kr', 'comp322', '01035775094', '김민재', 'M', '전자공학부', 'knu2021000040');
INSERT INTO STUDENT VALUES('2022000001', 'IT대학', 'knu2022000001@knu.ac.kr', 'comp322', '01077172624', '필감빈', 'M', '전자공학부', 'knu2022000001');
INSERT INTO STUDENT VALUES('2022000002', 'IT대학', 'knu2022000002@knu.ac.kr', 'comp322', '01022017475', '이지은', 'F', '전자공학부', 'knu2022000002');
INSERT INTO STUDENT VALUES('2022000003', '경상대학', 'knu2022000003@knu.ac.kr', 'comp322', '01056361201', '손흥민', 'M', '경영학부', 'knu2022000003');
INSERT INTO STUDENT VALUES('2022000004', '공과대학', 'knu2022000004@knu.ac.kr', 'comp322', '01030441227', '이나은', 'F', '기계공학부', 'knu2022000004');
INSERT INTO STUDENT VALUES('2022000005', 'IT대학', 'knu2022000005@knu.ac.kr', 'comp322', '01064272359', '김태성', 'M', '전자공학부', 'knu2022000005');
INSERT INTO STUDENT VALUES('2022000006', 'IT대학', 'knu2022000006@knu.ac.kr', 'comp322', '01078939247', '김태성', 'M', '전자공학부', 'knu2022000006');
INSERT INTO STUDENT VALUES('2022000007', '공과대학', 'knu2022000007@knu.ac.kr', 'comp322', '01015417188', '김태경', 'M', '기계공학부', 'knu2022000007');
INSERT INTO STUDENT VALUES('2022000008', '경상대학', 'knu2022000008@knu.ac.kr', 'comp322', '01070263198', '이찬구', 'M', '경영학부', 'knu2022000008');
INSERT INTO STUDENT VALUES('2022000009', 'IT대학', 'knu2022000009@knu.ac.kr', 'comp322', '01079441906', '진진욱', 'F', '컴퓨터학부', 'knu2022000009');
INSERT INTO STUDENT VALUES('2022000010', 'IT대학', 'knu2022000010@knu.ac.kr', 'comp322', '01021864599', '유시아', 'F', '전자공학부', 'knu2022000010');
INSERT INTO STUDENT VALUES('2022000011', '공과대학', 'knu2022000011@knu.ac.kr', 'comp322', '01021706127', '송강호', 'M', '기계공학부', 'knu2022000011');
INSERT INTO STUDENT VALUES('2022000012', 'IT대학', 'knu2022000012@knu.ac.kr', 'comp322', '01094353711', '곽민수', 'M', '전자공학부', 'knu2022000012');
INSERT INTO STUDENT VALUES('2022000013', '경상대학', 'knu2022000013@knu.ac.kr', 'comp322', '01076557665', '이용건', 'M', '경영학부', 'knu2022000013');
INSERT INTO STUDENT VALUES('2022000014', '공과대학', 'knu2022000014@knu.ac.kr', 'comp322', '01080018325', '조준범', 'M', '기계공학부', 'knu2022000014');
INSERT INTO STUDENT VALUES('2022000015', '공과대학', 'knu2022000015@knu.ac.kr', 'comp322', '01050014492', '김민재', 'M', '기계공학부', 'knu2022000015');
INSERT INTO STUDENT VALUES('2022000016', 'IT대학', 'knu2022000016@knu.ac.kr', 'comp322', '01067174455', '김태호', 'M', '전자공학부', 'knu2022000016');
INSERT INTO STUDENT VALUES('2022000017', '공과대학', 'knu2022000017@knu.ac.kr', 'comp322', '01082243880', '이영민', 'M', '기계공학부', 'knu2022000017');
INSERT INTO STUDENT VALUES('2022000018', 'IT대학', 'knu2022000018@knu.ac.kr', 'comp322', '01069562664', '김태호', 'M', '전자공학부', 'knu2022000018');
INSERT INTO STUDENT VALUES('2022000019', '경상대학', 'knu2022000019@knu.ac.kr', 'comp322', '01044008331', '정재호', 'M', '경영학부', 'knu2022000019');
INSERT INTO STUDENT VALUES('2022000020', '경상대학', 'knu2022000020@knu.ac.kr', 'comp322', '01032085094', '김정연', 'F', '경영학부', 'knu2022000020');
INSERT INTO STUDENT VALUES('2022000021', 'IT대학', 'knu2022000021@knu.ac.kr', 'comp322', '01023868351', '이영민', 'M', '컴퓨터학부', 'knu2022000021');
INSERT INTO STUDENT VALUES('2022000022', 'IT대학', 'knu2022000022@knu.ac.kr', 'comp322', '01074104478', '이병건', 'M', '컴퓨터학부', 'knu2022000022');
INSERT INTO STUDENT VALUES('2022000023', '공과대학', 'knu2022000023@knu.ac.kr', 'comp322', '01052446080', '김나영', 'F', '기계공학부', 'knu2022000023');
INSERT INTO STUDENT VALUES('2022000024', 'IT대학', 'knu2022000024@knu.ac.kr', 'comp322', '01051097472', '김태호', 'M', '전자공학부', 'knu2022000024');
INSERT INTO STUDENT VALUES('2022000025', '공과대학', 'knu2022000025@knu.ac.kr', 'comp322', '01057126814', '이용건', 'M', '기계공학부', 'knu2022000025');
INSERT INTO STUDENT VALUES('2022000026', 'IT대학', 'knu2022000026@knu.ac.kr', 'comp322', '01080302512', '김신욱', 'M', '전자공학부', 'knu2022000026');
INSERT INTO STUDENT VALUES('2022000027', '공과대학', 'knu2022000027@knu.ac.kr', 'comp322', '01025457667', '김태희', 'F', '기계공학부', 'knu2022000027');
INSERT INTO STUDENT VALUES('2022000028', '공과대학', 'knu2022000028@knu.ac.kr', 'comp322', '01072924352', '박준우', 'M', '기계공학부', 'knu2022000028');
INSERT INTO STUDENT VALUES('2022000029', '공과대학', 'knu2022000029@knu.ac.kr', 'comp322', '01033709743', '정은지', 'F', '기계공학부', 'knu2022000029');
INSERT INTO STUDENT VALUES('2022000030', '공과대학', 'knu2022000030@knu.ac.kr', 'comp322', '01036685494', '김정연', 'F', '기계공학부', 'knu2022000030');
INSERT INTO STUDENT VALUES('2022000031', 'IT대학', 'knu2022000031@knu.ac.kr', 'comp322', '01018244522', '김신욱', 'M', '전자공학부', 'knu2022000031');
INSERT INTO STUDENT VALUES('2022000032', '경상대학', 'knu2022000032@knu.ac.kr', 'comp322', '01049972678', '차은우', 'M', '경영학부', 'knu2022000032');
INSERT INTO STUDENT VALUES('2022000033', '경상대학', 'knu2022000033@knu.ac.kr', 'comp322', '01063891872', '이영민', 'M', '경영학부', 'knu2022000033');
INSERT INTO STUDENT VALUES('2022000034', 'IT대학', 'knu2022000034@knu.ac.kr', 'comp322', '01075112539', '송강호', 'M', '컴퓨터학부', 'knu2022000034');
INSERT INTO STUDENT VALUES('2022000035', '공과대학', 'knu2022000035@knu.ac.kr', 'comp322', '01023075313', '진진욱', 'F', '기계공학부', 'knu2022000035');
INSERT INTO STUDENT VALUES('2022000036', '공과대학', 'knu2022000036@knu.ac.kr', 'comp322', '01050562327', '김성태', 'M', '기계공학부', 'knu2022000036');
INSERT INTO STUDENT VALUES('2022000037', 'IT대학', 'knu2022000037@knu.ac.kr', 'comp322', '01048291338', '이찬구', 'M', '컴퓨터학부', 'knu2022000037');
INSERT INTO STUDENT VALUES('2022000038', '공과대학', 'knu2022000038@knu.ac.kr', 'comp322', '01023081067', '배유빈', 'F', '기계공학부', 'knu2022000038');
INSERT INTO STUDENT VALUES('2022000039', 'IT대학', 'knu2022000039@knu.ac.kr', 'comp322', '01020879307', '정재철', 'M', '전자공학부', 'knu2022000039');
INSERT INTO STUDENT VALUES('2022000040', 'IT대학', 'knu2022000040@knu.ac.kr', 'comp322', '01037615131', '정재호', 'M', '컴퓨터학부', 'knu2022000040');

    -- CLUB
INSERT INTO CLUB VALUES(1,TO_DATE('2012-12-20', 'yyyy-mm-dd'),'에이밍','중앙','예체능','운동을 몇 년 했나요?');
INSERT INTO CLUB VALUES(2,TO_DATE('2014-08-21', 'yyyy-mm-dd'),'우리함께','중앙','자원봉사','봉사를 몇 년 했나요?');
INSERT INTO CLUB VALUES(3,TO_DATE('2015-06-13', 'yyyy-mm-dd'),'RCY','중앙','자원봉사','봉사 경험이 있나요?');
INSERT INTO CLUB VALUES(4,TO_DATE('2016-01-02', 'yyyy-mm-dd'),'Algo','중앙','학술','아는 알고리즘에 대해 설명하시오.');
INSERT INTO CLUB VALUES(5,TO_DATE('2014-03-24', 'yyyy-mm-dd'),'토킹','중앙','학술','자신이 관심을 가지는 이슈를 작성하세요.');
INSERT INTO CLUB VALUES(6,TO_DATE('2014-08-20', 'yyyy-mm-dd'),'싸커','단대','예체능','축구 경력이 어떻게 되나요');
INSERT INTO CLUB VALUES(7,TO_DATE('2014-12-26', 'yyyy-mm-dd'),'드로잉','단대','예체능','그림 몇 년 그렸나요.');
INSERT INTO CLUB VALUES(8,TO_DATE('2016-08-20', 'yyyy-mm-dd'),'베스킷','단대','예체능','농구 경력이 어떻게 되나요');
INSERT INTO CLUB VALUES(9,TO_DATE('2017-03-04', 'yyyy-mm-dd'),'유기럽','단대','자원봉사','지원 동기를 말하세요');
INSERT INTO CLUB VALUES(10,TO_DATE('2015-03-05', 'yyyy-mm-dd'),'환경럽','단대','자원봉사','지원 동기를 말하세요');
INSERT INTO CLUB VALUES(11,TO_DATE('2015-07-30', 'yyyy-mm-dd'),'인터렉트','단대','자원봉사',NULL);
INSERT INTO CLUB VALUES(12,TO_DATE('2015-09-09', 'yyyy-mm-dd'),'파닉스','단대','학술',NULL);
INSERT INTO CLUB VALUES(13,TO_DATE('2015-10-07', 'yyyy-mm-dd'),'논비','단대','학술','이슈 토론 경험이 있나요');
INSERT INTO CLUB VALUES(14,TO_DATE('2015-03-28', 'yyyy-mm-dd'),'토킹','단대','학술','이슈 토론 경험이 있나요');
INSERT INTO CLUB VALUES(15,TO_DATE('2015-04-14', 'yyyy-mm-dd'),'프리톡','단대','학술','영어로 자기소개 하시오');
INSERT INTO CLUB VALUES(16,TO_DATE('2015-05-25', 'yyyy-mm-dd'),'잉글','학과','예체능','자신의 포부를 말해주세요');
INSERT INTO CLUB VALUES(17,TO_DATE('2015-05-25', 'yyyy-mm-dd'),'카약','학과','예체능',NULL);
INSERT INTO CLUB VALUES(18,TO_DATE('2015-11-26', 'yyyy-mm-dd'),'싸커','학과','예체능','축구에 관심이 있나요?');
INSERT INTO CLUB VALUES(19,TO_DATE('2015-05-27', 'yyyy-mm-dd'),'론리','학과','예체능','지원 동기를 말하세요');
INSERT INTO CLUB VALUES(20,TO_DATE('2016-10-08', 'yyyy-mm-dd'),'파늘','학과','예체능','여기서 얻어가고 싶은게 뭔가요');
INSERT INTO CLUB VALUES(21,TO_DATE('2016-09-15', 'yyyy-mm-dd'),'드로잉','학과','예체능',NULL);
INSERT INTO CLUB VALUES(22,TO_DATE('2016-07-07', 'yyyy-mm-dd'),'로드랩','학과','예체능',NULL);
INSERT INTO CLUB VALUES(23,TO_DATE('2013-12-04', 'yyyy-mm-dd'),'윗어스','학과','자원봉사',NULL);
INSERT INTO CLUB VALUES(24,TO_DATE('2016-07-20', 'yyyy-mm-dd'),'우리들로','학과','자원봉사','봉사를 몇 년 했나요?');
INSERT INTO CLUB VALUES(25,TO_DATE('2016-01-31', 'yyyy-mm-dd'),'프리토킹','학과','학술','자유롭게 토론하시오');
INSERT INTO CLUB VALUES(26,TO_DATE('2013-06-06', 'yyyy-mm-dd'),'리슨','학과','학술','지원 동기를 말하세요');
INSERT INTO CLUB VALUES(27,TO_DATE('2016-06-06', 'yyyy-mm-dd'),'엠비셔','학과','학술','어떤 과학에 관심이 있나요');
INSERT INTO CLUB VALUES(28,TO_DATE('2016-09-09', 'yyyy-mm-dd'),'카놀','학과','학술','지원 동기를 말해주세요');
INSERT INTO CLUB VALUES(29,TO_DATE('2015-10-01', 'yyyy-mm-dd'),'nuclear','학과','학술','지원 동기를 말해주세요');
INSERT INTO CLUB VALUES(30,TO_DATE('2016-10-14', 'yyyy-mm-dd'),'Lodan','학과','학술','지원 동기를 말해주세요');


    -- MEMBER
INSERT INTO MEMBER VALUES(1,1,'2018000040','부장',TO_DATE('2018-12-20', 'yyyy-mm-dd'));
INSERT INTO MEMBER VALUES(2,1,'2022000008','회원',TO_DATE('2018-12-20', 'yyyy-mm-dd'));
INSERT INTO MEMBER VALUES(3,1,'2019000001','회원',TO_DATE('2018-12-20', 'yyyy-mm-dd'));
INSERT INTO MEMBER VALUES(4,1,'2019000002','회원',TO_DATE('2018-12-20', 'yyyy-mm-dd'));
INSERT INTO MEMBER VALUES(5,1,'2019000003','회원',TO_DATE('2019-03-21', 'yyyy-mm-dd'));
INSERT INTO MEMBER VALUES(6,1,'2019000004','회원',TO_DATE('2019-10-18', 'yyyy-mm-dd'));
INSERT INTO MEMBER VALUES(7,1,'2019000005','회원',TO_DATE('2019-11-23', 'yyyy-mm-dd'));
INSERT INTO MEMBER VALUES(8,1,'2020000011','회원',TO_DATE('2019-11-05', 'yyyy-mm-dd'));
INSERT INTO MEMBER VALUES(9,1,'2020000028','회원',TO_DATE('2022-01-01', 'yyyy-mm-dd'));
INSERT INTO MEMBER VALUES(10,1,'2020000029','회원',TO_DATE('2021-10-26', 'yyyy-mm-dd'));
INSERT INTO MEMBER VALUES(11,2,'2018000039','부장',TO_DATE('2019-07-21', 'yyyy-mm-dd') );
INSERT INTO MEMBER VALUES(12,2,'2019000022','회원',TO_DATE('2018-08-21', 'yyyy-mm-dd') );
INSERT INTO MEMBER VALUES(13,2,'2021000009','회원',TO_DATE('2018-08-21', 'yyyy-mm-dd') );
INSERT INTO MEMBER VALUES(14,2,'2019000003','회원',TO_DATE('2019-08-22', 'yyyy-mm-dd'));
INSERT INTO MEMBER VALUES(15,2,'2019000004','회원',TO_DATE('2020-12-06', 'yyyy-mm-dd'));
INSERT INTO MEMBER VALUES(16,3,'2019000025','부장',TO_DATE('2019-09-16', 'yyyy-mm-dd') );
INSERT INTO MEMBER VALUES(17,3,'2019000026','회원',TO_DATE('2019-06-13', 'yyyy-mm-dd') );
INSERT INTO MEMBER VALUES(18,3,'2019000027','회원',TO_DATE('2019-06-13', 'yyyy-mm-dd') );
INSERT INTO MEMBER VALUES(19,3,'2020000001','회원',TO_DATE('2019-06-13', 'yyyy-mm-dd') );
INSERT INTO MEMBER VALUES(20,3,'2021000014','회원',TO_DATE('2019-09-06', 'yyyy-mm-dd'));
INSERT INTO MEMBER VALUES(21,3,'2022000034','회원',TO_DATE('2019-06-15', 'yyyy-mm-dd'));
INSERT INTO MEMBER VALUES(22,4,'2020000015','부장',TO_DATE('2022-01-02', 'yyyy-mm-dd') );
INSERT INTO MEMBER VALUES(23,4,'2020000016','회원',TO_DATE('2022-01-02', 'yyyy-mm-dd') );
INSERT INTO MEMBER VALUES(24,4,'2020000017','회원',TO_DATE('2022-01-02', 'yyyy-mm-dd') );
INSERT INTO MEMBER VALUES(25,4,'2022000027','회원',TO_DATE('2022-01-02', 'yyyy-mm-dd') );
INSERT INTO MEMBER VALUES(26,4,'2022000028','회원',TO_DATE('2022-06-09', 'yyyy-mm-dd'));
INSERT INTO MEMBER VALUES(27,4,'2022000029','회원',TO_DATE('2022-03-07', 'yyyy-mm-dd'));
INSERT INTO MEMBER VALUES(28,5,'2020000003','부장',TO_DATE('2020-03-24', 'yyyy-mm-dd') );
INSERT INTO MEMBER VALUES(29,5,'2020000004','회원',TO_DATE('2020-03-24', 'yyyy-mm-dd') );
INSERT INTO MEMBER VALUES(30,5,'2021000007','회원',TO_DATE('2020-03-24', 'yyyy-mm-dd') );
INSERT INTO MEMBER VALUES(31,5,'2022000005','회원',TO_DATE('2021-07-24', 'yyyy-mm-dd'));
INSERT INTO MEMBER VALUES(32,5,'2022000006','회원',TO_DATE('2020-02-28', 'yyyy-mm-dd'));
INSERT INTO MEMBER VALUES(33,6,'2018000016','부장',TO_DATE('2018-08-20', 'yyyy-mm-dd') );
INSERT INTO MEMBER VALUES(34,6,'2018000027','회원',TO_DATE('2018-08-20', 'yyyy-mm-dd') );
INSERT INTO MEMBER VALUES(35,6,'2022000011','회원',TO_DATE('2018-08-20', 'yyyy-mm-dd') );
INSERT INTO MEMBER VALUES(36,6,'2022000012','회원',TO_DATE('2018-08-20', 'yyyy-mm-dd') );
INSERT INTO MEMBER VALUES(37,7,'2019000040','부장',TO_DATE('2018-12-26', 'yyyy-mm-dd') );
INSERT INTO MEMBER VALUES(38,7,'2020000015','회원',TO_DATE('2019-05-27', 'yyyy-mm-dd'));
INSERT INTO MEMBER VALUES(39,7,'2020000016','회원',TO_DATE('2020-11-28', 'yyyy-mm-dd'));
INSERT INTO MEMBER VALUES(40,8,'2018000013','부장',TO_DATE('2018-08-20', 'yyyy-mm-dd') );
INSERT INTO MEMBER VALUES(41,8,'2021000010','회원',TO_DATE('2018-08-20', 'yyyy-mm-dd') );
INSERT INTO MEMBER VALUES(42,8,'2021000011','회원',TO_DATE('2018-08-20', 'yyyy-mm-dd') );
INSERT INTO MEMBER VALUES(43,8,'2021000012','회원',TO_DATE('2022-02-11', 'yyyy-mm-dd'));
INSERT INTO MEMBER VALUES(44,9,'2019000005','부장',TO_DATE('2019-03-04', 'yyyy-mm-dd') );
INSERT INTO MEMBER VALUES(45,9,'2019000006','회원',TO_DATE('2019-03-04', 'yyyy-mm-dd') );
INSERT INTO MEMBER VALUES(46,9,'2019000007','회원',TO_DATE('2019-03-04', 'yyyy-mm-dd') );
INSERT INTO MEMBER VALUES(47,10,'2020000017','부장',TO_DATE('2019-03-07', 'yyyy-mm-dd') );
INSERT INTO MEMBER VALUES(48,10,'2020000018','회원',TO_DATE('2019-03-05', 'yyyy-mm-dd') );
INSERT INTO MEMBER VALUES(49,10,'2022000016','회원',TO_DATE('2019-03-05', 'yyyy-mm-dd') );
INSERT INTO MEMBER VALUES(50,10,'2021000016','회원',TO_DATE('2019-03-05', 'yyyy-mm-dd'));
INSERT INTO MEMBER VALUES(51,11,'2018000007','부장',TO_DATE('2019-07-30', 'yyyy-mm-dd') );
INSERT INTO MEMBER VALUES(52,11,'2020000017','회원',TO_DATE('2019-07-30', 'yyyy-mm-dd') );
INSERT INTO MEMBER VALUES(53,11,'2020000018','회원',TO_DATE('2019-07-30', 'yyyy-mm-dd') );
INSERT INTO MEMBER VALUES(54,12,'2019000024','부장',TO_DATE('2022-06-09', 'yyyy-mm-dd') );
INSERT INTO MEMBER VALUES(55,12,'2019000025','회원',TO_DATE('2021-05-09', 'yyyy-mm-dd') );
INSERT INTO MEMBER VALUES(56,12,'2018000026','회원',TO_DATE('2021-05-15', 'yyyy-mm-dd'));
INSERT INTO MEMBER VALUES(57,12,'2019000027','회원',TO_DATE('2021-08-11', 'yyyy-mm-dd'));
INSERT INTO MEMBER VALUES(58,13,'2020000027','부장',TO_DATE('2021-10-07', 'yyyy-mm-dd') );
INSERT INTO MEMBER VALUES(59,13,'2021000028','회원',TO_DATE('2022-10-08', 'yyyy-mm-dd'));
INSERT INTO MEMBER VALUES(60,13,'2020000029','회원',TO_DATE('2021-10-21', 'yyyy-mm-dd'));
INSERT INTO MEMBER VALUES(61,14,'2021000028','부장',TO_DATE('2022-03-28', 'yyyy-mm-dd') );
INSERT INTO MEMBER VALUES(62,14,'2020000008','회원',TO_DATE('2022-03-28', 'yyyy-mm-dd') );
INSERT INTO MEMBER VALUES(63,14,'2018000019','회원',TO_DATE('2022-03-29', 'yyyy-mm-dd'));
INSERT INTO MEMBER VALUES(64,15,'2019000034','부장',TO_DATE('2022-04-14', 'yyyy-mm-dd') );
INSERT INTO MEMBER VALUES(65,15,'2019000035','회원',TO_DATE('2022-04-14', 'yyyy-mm-dd') );
INSERT INTO MEMBER VALUES(66,15,'2020000036','회원',TO_DATE('2022-04-14', 'yyyy-mm-dd') );
INSERT INTO MEMBER VALUES(67,16,'2022000010','부장',TO_DATE('2018-05-25', 'yyyy-mm-dd') );
INSERT INTO MEMBER VALUES(68,16,'2021000001','회원',TO_DATE('2018-05-25', 'yyyy-mm-dd') );
INSERT INTO MEMBER VALUES(69,16,'2020000009','회원',TO_DATE('2022-07-26', 'yyyy-mm-dd'));
INSERT INTO MEMBER VALUES(70,17,'2020000036','부장',TO_DATE('2018-05-25', 'yyyy-mm-dd') );
INSERT INTO MEMBER VALUES(71,17,'2022000014','회원',TO_DATE('2018-05-26', 'yyyy-mm-dd'));
INSERT INTO MEMBER VALUES(72,18,'2020000009','부장',TO_DATE('2018-11-26', 'yyyy-mm-dd') );
INSERT INTO MEMBER VALUES(73,18,'2021000004','회원',TO_DATE('2019-04-27', 'yyyy-mm-dd'));
INSERT INTO MEMBER VALUES(74,18,'2019000009','회원',TO_DATE('2020-12-28', 'yyyy-mm-dd'));
INSERT INTO MEMBER VALUES(75,19,'2018000021','부장',TO_DATE('2021-05-27', 'yyyy-mm-dd') );
INSERT INTO MEMBER VALUES(76,19,'2018000022','회원',TO_DATE('2018-05-27', 'yyyy-mm-dd') );
INSERT INTO MEMBER VALUES(77,19,'2018000023','회원',TO_DATE('2019-12-13', 'yyyy-mm-dd'));
INSERT INTO MEMBER VALUES(78,20,'2019000017','부장',TO_DATE('2018-10-08', 'yyyy-mm-dd') );
INSERT INTO MEMBER VALUES(79,20,'2021000028','회원',TO_DATE('2019-12-09', 'yyyy-mm-dd'));
INSERT INTO MEMBER VALUES(80,20,'2020000008','회원',TO_DATE('2020-06-10', 'yyyy-mm-dd'));
INSERT INTO MEMBER VALUES(81,20,'2019000020','회원',TO_DATE('2021-07-11', 'yyyy-mm-dd'));
INSERT INTO MEMBER VALUES(82,21,'2021000007','부장',TO_DATE('2019-09-15', 'yyyy-mm-dd') );
INSERT INTO MEMBER VALUES(83,21,'2021000008','회원',TO_DATE('2019-09-15', 'yyyy-mm-dd') );
INSERT INTO MEMBER VALUES(84,21,'2019000029','회원',TO_DATE('2020-07-16', 'yyyy-mm-dd'));
INSERT INTO MEMBER VALUES(85,22,'2018000029','부장',TO_DATE('2019-07-07', 'yyyy-mm-dd') );
INSERT INTO MEMBER VALUES(86,22,'2022000030','회원',TO_DATE('2021-02-08', 'yyyy-mm-dd'));
INSERT INTO MEMBER VALUES(87,23,'2020000022','부장',TO_DATE('2019-12-04', 'yyyy-mm-dd') );
INSERT INTO MEMBER VALUES(88,23,'2021000002','회원',TO_DATE('2021-01-05', 'yyyy-mm-dd'));
INSERT INTO MEMBER VALUES(89,24,'2021000008','부장',TO_DATE('2020-07-20', 'yyyy-mm-dd') );
INSERT INTO MEMBER VALUES(90,24,'2019000027','회원',TO_DATE('2020-07-20', 'yyyy-mm-dd') );
INSERT INTO MEMBER VALUES(91,24,'2021000027','회원',TO_DATE('2021-10-21', 'yyyy-mm-dd'));
INSERT INTO MEMBER VALUES(92,25,'2018000007','부장',TO_DATE('2020-01-31', 'yyyy-mm-dd') );
INSERT INTO MEMBER VALUES(93,26,'2020000009','부장',TO_DATE('2021-06-06', 'yyyy-mm-dd') );
INSERT INTO MEMBER VALUES(94,26,'2020000010','회원',TO_DATE('2022-06-07', 'yyyy-mm-dd'));
INSERT INTO MEMBER VALUES(95,27,'2019000027','부장',TO_DATE('2022-06-06', 'yyyy-mm-dd') );
INSERT INTO MEMBER VALUES(96,27,'2019000018','회원',TO_DATE('2022-08-16', 'yyyy-mm-dd'));
INSERT INTO MEMBER VALUES(97,27,'2022000019','회원',TO_DATE('2021-09-08', 'yyyy-mm-dd'));
INSERT INTO MEMBER VALUES(98,28,'2018000025','부장',TO_DATE('2021-09-09', 'yyyy-mm-dd') );
INSERT INTO MEMBER VALUES(99,29,'2019000015','부장',TO_DATE('2022-10-01', 'yyyy-mm-dd') );
INSERT INTO MEMBER VALUES(100,30,'2020000010','부장',TO_DATE('2022-10-14', 'yyyy-mm-dd') );


    -- APPLY
INSERT INTO APPLY VALUES(1,'2018000001',1,'저는 운동을 10년 했습니다.','N');
INSERT INTO APPLY VALUES(2,'2022000003',1,'저는 운동을 11년 했습니다.','N');
INSERT INTO APPLY VALUES(3,'2022000008',1,'저는 운동을 3년 했습니다. 양궁 관심있어 지원했습니다','Y');
INSERT INTO APPLY VALUES(4,'2018000004',1,'저는 운동을 8년 했습니다.','N');
INSERT INTO APPLY VALUES(5,'2019000003',1,'저는 운동을 5년 했어요. 활동 열심히 하겠습니다!','Y');
INSERT INTO APPLY VALUES(6,'2021000009',2,'봉사활동을한지는 10년이 넘었습니다. 동아리에서 하는 병원 봉사활동에 참여해보고 싶어 지원했습니다','Y');
INSERT INTO APPLY VALUES(7,'2018000007',2,'봉사활동 경험은 없지만 열심히 하겠습니다.','N');
INSERT INTO APPLY VALUES(8,'2020000002',2,NULL,'N');
INSERT INTO APPLY VALUES(9,'2018000009',2,'없습니다','N');
INSERT INTO APPLY VALUES(10,'2018000010',2,'없습니다','N');
INSERT INTO APPLY VALUES(11,'2019000001',2,NULL,'N');
INSERT INTO APPLY VALUES(12,'2019000002',2,'없지만 추후 교육봉사에 나갈 예정입니다.','N');
INSERT INTO APPLY VALUES(13,'2019000003',2,'7년정도 해외봉사경험이 있습니다','Y');
INSERT INTO APPLY VALUES(14,'2019000004',2,'5년 봉사활동 해봤습니다.','Y');
INSERT INTO APPLY VALUES(15,'2019000005',5,'최근 떠오르는 마약 문제에 관심을 가지고 있으며 이에 대한 사회적 이슈에 관심 있습니다.',NULL);
INSERT INTO APPLY VALUES(16,'2022000003',5,'특별히 관심가지는 이슈는 없지만 만약 토론을 하게 되면 게임과 관련된 이슈에 대해 이야기해보고 싶습니다',NULL);
INSERT INTO APPLY VALUES(17,'2019000007',5,NULL,NULL);
INSERT INTO APPLY VALUES(18,'2021000009',8,'7년 했습니다',NULL);
INSERT INTO APPLY VALUES(19,'2019000009',8,'12년 했습니다. 고등학교에서 선수생활 했습니다.',NULL);
INSERT INTO APPLY VALUES(20,'2019000010',8,'9년 했습니다',NULL);
INSERT INTO APPLY VALUES(21,'2020000001',8,'농구 해보적은 없지만 관심있어서 지원했습니다',NULL);
INSERT INTO APPLY VALUES(22,'2020000002',8,'11년 했습니다',NULL);
INSERT INTO APPLY VALUES(23,'2020000003',8,'얼마전에 시작했습니다. 친구소개로 시작하게 되었는데 본격적으로 해보고 싶어서 지원했습니다.',NULL);
INSERT INTO APPLY VALUES(24,'2022000008',14,'없습니다.','N');
INSERT INTO APPLY VALUES(25,'2020000005',14,'없습니다.','N');
INSERT INTO APPLY VALUES(26,'2020000006',14,NULL,'N');
INSERT INTO APPLY VALUES(27,'2021000003',14,'중학교때 정부와 시민단체의 사회적 역할에 관한 이야기를 나눈 적 있습니다.',NULL);
INSERT INTO APPLY VALUES(28,'2020000008',14,'대학교 수업시간때 창업관련 토픽으로 토론했습니다','Y');
INSERT INTO APPLY VALUES(29,'2019000009',16,NULL,'N');
INSERT INTO APPLY VALUES(30,'2020000010',16,NULL,'N');
INSERT INTO APPLY VALUES(31,'2021000001',16,'이 동아리에 참여하여 저의 진로활동과 겸해 스트레스 해소를 하여 자기 자신을 끊임없이 계발하고자 합니다.','Y');
INSERT INTO APPLY VALUES(32,'2021000002',18,'중학교때부터 꾸준히 해왔습니다',NULL);
INSERT INTO APPLY VALUES(33,'2018000010',18,'네',NULL);
INSERT INTO APPLY VALUES(34,'2021000004',18,'축구 경기 자주 찾아봅니다. 지금은 토트넘 팬이라 경기때마다 꾸준히 챙겨보고 있습니다!','Y');
INSERT INTO APPLY VALUES(35,'2019000009',18,'있어서 지원한겁니다.','Y');
INSERT INTO APPLY VALUES(36,'2021000006',18,NULL,'N');
INSERT INTO APPLY VALUES(37,'2021000007',26,'영어 듣기 실력을 키워 토플 시험에 응시하는데 도움이 되고 싶어 지원했습니다.',NULL);
INSERT INTO APPLY VALUES(38,'2021000008',26,'평소 미드를 많이 봐서 함께 보며 영어 실력을 키우고 싶습니다.',NULL);
INSERT INTO APPLY VALUES(39,'2021000009',26,'미드에 관심 가진 많은 사람들과 만나고 싶어 지원했습니다.',NULL);
INSERT INTO APPLY VALUES(40,'2021000010',28,'물리 실험 관심있습니다.',NULL);
INSERT INTO APPLY VALUES(41,'2022000001',28,'물리 성적 높이고 싶어 지원했습니다.',NULL);
INSERT INTO APPLY VALUES(42,'2022000002',28,'인맥을 넓히고 교류하고 싶었습니다.',NULL);
INSERT INTO APPLY VALUES(43,'2018000001',28,'재밌어 보여서 지원했습니다.',NULL);
INSERT INTO APPLY VALUES(44,'2022000004',29,NULL,'N');
INSERT INTO APPLY VALUES(45,'2022000005',29,NULL,'N');
INSERT INTO APPLY VALUES(46,'2021000003',29,'화학 실험 관심있어서 지원했습니다.',NULL);
INSERT INTO APPLY VALUES(47,'2022000007',29,'실험해보고 싶어요..!',NULL);
INSERT INTO APPLY VALUES(48,'2020000002',30,'수학 재밌어하고 문제 푸는걸 같이 토론해보면 좋을거 같아 지원했습니다.',NULL);
INSERT INTO APPLY VALUES(49,'2022000009',30,'수학 좋아합니다.','N');
INSERT INTO APPLY VALUES(50,'2019000003',30,'자소서 넣는데 도움이 되었으면 해서 지원했습니다.',NULL);

    -- REVIEW
INSERT INTO REVIEW VALUES(	1,	5,	'	동아리원이 친절하고 좋아요',	'	좋아요!',	'	2020-01-15',	7	,	2018000011	);
INSERT INTO REVIEW VALUES(	2,	4.5,	'	제대로 배우고 싶은사람은 여기추천',	'	여길 안들어온다고?',	'	2020-02-04',	29	,	2018000002	);
INSERT INTO REVIEW VALUES(	3,	4,	'	대학생활 제대로 놀아보고싶은 사람 한테 굿',	'	적극 추천',	'	2020-03-10',	20	,	2018000027	);
INSERT INTO REVIEW VALUES(	4,	3,	'	기대했던만큼은 아니지만 좋았던 곳',	'	글쎄.,',	'	2020-04-11',	18	,	2018000011	);
INSERT INTO REVIEW VALUES(	5,	5,	'	처음에 무서운분위기인줄 알았으나 매우 즐거워요~',	'	좋아요',	'	2020-05-24',	3	,	2018000039	);
INSERT INTO REVIEW VALUES(	6,	4,	'	고민중이라면 무조건 고',	'	고민보다 고',	'	2020-06-28',	7	,	2018000031	);
INSERT INTO REVIEW VALUES(	7,	5,	'즐겁게','놀아보자',	'	2020-07-12',	15	,	2018000004	);
INSERT INTO REVIEW VALUES(	8,	4.5,	'	학점은 조금 낮아졌지만 후회없는 대학생활 가능',	'	고민중인가요?',	'	2020-08-19',	15	,	2018000005	);
INSERT INTO REVIEW VALUES(	9,	4,	'	기대했던만큼게은 아니지만 좋았던 곳',	'	나름대로',	'	2020-09-25',	2	,	2018000005	);
INSERT INTO REVIEW VALUES(	10,	4,	'	대학생활 제대로 놀아보고싶은 사람 한테 굿',	'	1년의 동아리 활동 리뷰',	'	2020-10-25',	1	,	2018000014	);
INSERT INTO REVIEW VALUES(	11,	4,	'	고민중이라면 무조건 고',	'	고민보다 고',	'	2020-01-09',	24	,	2019000030	);
INSERT INTO REVIEW VALUES(	12,	4,	'	학점도 챙기고 재미도 챙길 수 있음',	'	2년의 동아리 활동 리뷰',	'	2020-02-03',	10	,	2019000032	);
INSERT INTO REVIEW VALUES(	13,	4.5,	'	동아리원이 친절하고 좋아요',	'	후회안할걸요',	'	2020-03-09',	30	,	2019000010	);
INSERT INTO REVIEW VALUES(	14,	3,	'	대부분 좋으나 물흐리는 사람이 몇 있음',	'	시간낭비ss',	'	2020-04-18',	13	,	2019000011	);
INSERT INTO REVIEW VALUES(	15,	3.5,	'	내 1학년 생활 조금 아쉬움이 남는곳',	'	오점',	'	2020-05-22',	11	,	2019000030	);
INSERT INTO REVIEW VALUES(	16,	3,	'	고민중이라면 무조건 고',	'	글쎄요',	'	2020-06-25',	9	,	2019000036	);
INSERT INTO REVIEW VALUES(	17,	5,	'	살찌고싶으면 들어오세요 맨날 뭐 먹임',	'	돼지가 되고싶다면',	'	2020-07-29',	15	,	2019000015	);
INSERT INTO REVIEW VALUES(	18,	4,	'	신입생 생활 즐겁게 하고싶다면 오세요!',	'	신입생인가요?',	'	2020-08-16',	19	,	2019000028	);
INSERT INTO REVIEW VALUES(	19,	4,	'	배워볼려고 갔으나 그닥..?',	'	솔직리뷰',	'	2020-09-25',	3	,	2019000011	);
INSERT INTO REVIEW VALUES(	20,	5,	'	고수가 될 수 있음',	'	솔직리뷰',	'	2020-10-12',	14	,	2019000005	);
INSERT INTO REVIEW VALUES(	21,	6,	'	동아리원이 친절하고 좋아요',	'	좋아요!',	'	2020-01-16',	21	,	2019000032	);
INSERT INTO REVIEW VALUES(	22,	4.5,	'	제대로 배우고 싶은사람은 여기추천',	'	여길 안들어온다고?',	'	2020-02-05',	15	,	2019000001	);
INSERT INTO REVIEW VALUES(	23,	4,	'	대학생활 제대로 놀아보고싶은 사람 한테 굿',	'	적극 추천',	'	2020-03-11',	12	,	2019000014	);
INSERT INTO REVIEW VALUES(	24,	3,	'	기대했던만큼은 아니지만 좋았던 곳',	'	글쎄.,',	'	2020-04-12',	8	,	2019000034	);
INSERT INTO REVIEW VALUES(	25,	5,	'	처음에 무서운분위기인줄 알았으나 매우 즐거워요~',	'	좋아요',	'	2020-05-25',	21	,	2019000033	);
INSERT INTO REVIEW VALUES(	26,	4,	'	고민중이라면 무조건 고',	'	고민보다 고',	'	2020-06-29',	6	,	2019000005	);
INSERT INTO REVIEW VALUES(	27,	5,	'	대학생활 제대로 놀아보고싶은 사람 한테 굿',	'	놀아보자',	'	2020-07-13',	18	,	2019000035	);
INSERT INTO REVIEW VALUES(	28,	4.5,	'	학점은 조금 낮아졌지만 후회없는 대학생활 가능',	'	고민중인가요?',	'	2020-08-20',	23	,	2019000037	);
INSERT INTO REVIEW VALUES(	29,	4,	'	기대했던만큼은 아니지만 좋았던 곳',	'	나름대로',	'	2020-09-26',	5	,	2019000033	);
INSERT INTO REVIEW VALUES(	30,	4,	'	대학생활 제대로 놀아보고싶은 사람 한테 굿',	'	2년의 동아리 활동 리뷰',	'	2020-10-26',	20	,	2019000027	);
INSERT INTO REVIEW VALUES(	31,	4,	'	고민중이라면 무조건 고',	'	고민보다 고',	'	2020-01-10',	8	,	2019000025	);
INSERT INTO REVIEW VALUES(	32,	4,	'	학점도 챙기고 재미도 챙길 수 있음',	'	3년의 동아리 활동 리뷰',	'	2020-02-04',	9	,	2019000019	);
INSERT INTO REVIEW VALUES(	33,	4.5,	'	동아리원이 친절하고 좋아요',	'	후회안할걸요',	'	2020-03-10',	27	,	2019000022	);
INSERT INTO REVIEW VALUES(	34,	4,	'	대부분 좋으나 물흐리는 사람이 몇 있음',	'	시간낭비ss',	'	2020-04-19',	9	,	2019000028	);
INSERT INTO REVIEW VALUES(	35,	3.5,	'	내 2학년 생활 조금 아쉬움이 남는곳',	'	오점',	'	2020-05-23',	1	,	2019000031	);
INSERT INTO REVIEW VALUES(	36,	3,	'	고민중이라면 무조건 고',	'	글쎄요',	'	2020-06-26',	19	,	2019000025	);
INSERT INTO REVIEW VALUES(	37,	5,	'	살찌고싶으면 들어오세요 맨날 뭐 먹임',	'	돼지가 되고싶다면',	'	2020-07-30',	13	,	2019000013	);
INSERT INTO REVIEW VALUES(	38,	4,	'	신입생 생활 즐겁게 하고싶다면 오세요!',	'	신입생인가요?',	'	2020-08-17',	25	,	2019000023	);
INSERT INTO REVIEW VALUES(	39,	4,	'	배워볼려고 갔으나 그닥..?',	'	솔직리뷰',	'	2020-09-26',	1	,	2019000033	);
INSERT INTO REVIEW VALUES(	40,	5,	'	고수가 될 수 있음',	'	솔직리뷰',	'	2020-10-13',	15	,	2019000028	);
INSERT INTO REVIEW VALUES(	41,	7,	'	동아리원이 친절하고 좋아요',	'	좋아요!',	'	2020-01-17',	21	,	2019000011	);
INSERT INTO REVIEW VALUES(	42,	4.5,	'	제대로 배우고 싶은사람은 여기추천',	'	여길 안들어온다고?',	'	2020-02-06',	17	,	2019000014	);
INSERT INTO REVIEW VALUES(	43,	4,	'	대학생활 제대로 놀아보고싶은 사람 한테 굿',	'	적극 추천',	'	2020-03-12',	6	,	2019000038	);
INSERT INTO REVIEW VALUES(	44,	3,	'	기대했던만큼은 아니지만 좋았던 곳',	'	글쎄.,',	'	2020-04-13',	24	,	2019000010	);
INSERT INTO REVIEW VALUES(	45,	5,	'	처음에 무서운분위기인줄 알았으나 매우 즐거워요~',	'	좋아요',	'	2020-05-26',	30	,	2019000025	);
INSERT INTO REVIEW VALUES(	46,	4,	'	고민중이라면 무조건 고',	'	고민보다 고',	'	2020-06-30',	22	,	2018000028	);
INSERT INTO REVIEW VALUES(	47,	5,	'	대학생활 제대로 놀아보고싶은 사람 한테 굿',	'	놀아보자',	'	2020-07-14',	30	,	2018000008	);
INSERT INTO REVIEW VALUES(	48,	4.5,	'	학점은 조금 낮아졌지만 후회없는 대학생활 가능',	'	고민중인가요?',	'	2020-08-21',	27	,	2018000025	);
INSERT INTO REVIEW VALUES(	49,	4,	'	기대했던만큼은 아니지만 좋았던 곳',	'	나름대로',	'	2020-09-27',	3	,	2018000007	);
INSERT INTO REVIEW VALUES(	50,	4,	'	대학생활 제대로 놀아보고싶은 사람 한테 굿',	'	3년의 동아리 활동 리뷰',	'	2020-10-27',	16	,	2018000040	);

    -- COMMENT
INSERT INTO COMMENTT VALUES(	1,	37	,	2020000016	,'	이렇게 정보 주니까 편하네요	'	,'	2021-01-15'	);
INSERT INTO COMMENTT VALUES(	2,	50	,	2020000035	,'	여기 동아리 이름바꼈네요	'	,'	2021-02-04'	);
INSERT INTO COMMENTT VALUES(	3,	47	,	2020000006	,'	나때는 안그랬는데	'	,'	2021-03-10'	);
INSERT INTO COMMENTT VALUES(	4,	32	,	2020000038	,'	인정 리뷰처럼 똑같음	'	,'	2021-04-11'	);
INSERT INTO COMMENTT VALUES(	5,	7	,	2020000006	,'	아무것도 몰라도 가도되나요	'	,'	2021-05-24'	);
INSERT INTO COMMENTT VALUES(	6,	31	,	2020000032	,'	거짓말ㄷㄷ	'	,'	2021-06-28'	);
INSERT INTO COMMENTT VALUES(	7,	3	,	2020000026	,'	인정	'	,'	2021-07-12'	);
INSERT INTO COMMENTT VALUES(	8,	27	,	2020000035	,'	아니던데	'	,'	2021-08-19'	);
INSERT INTO COMMENTT VALUES(	9,	3	,	2020000005	,'	화석도 입부가능한가요	'	,'	2021-09-25'	);
INSERT INTO COMMENTT VALUES(	10,	9	,	2020000006	,'	신입생도 들어가도되나요	'	,'	2021-10-25'	);
INSERT INTO COMMENTT VALUES(	11,	32	,	2021000024	,'	17학번도 들어가도되나요	'	,'	2021-01-09'	);
INSERT INTO COMMENTT VALUES(	12,	24	,	2021000016	,'	학점도 챙길 수 있을까요	'	,'	2021-02-03'	);
INSERT INTO COMMENTT VALUES(	13,	3	,	2021000030	,'	회비는 얼마인가요	'	,'	2021-03-09'	);
INSERT INTO COMMENTT VALUES(	14,	22	,	2021000005	,'	동아리방 어디있나요	'	,'	2021-04-18'	);
INSERT INTO COMMENTT VALUES(	15,	8	,	2021000032	,'	여기 재밌었음	'	,'	2021-05-22'	);
INSERT INTO COMMENTT VALUES(	16,	50	,	2021000032	,'	소문안좋던데..	'	,'	2021-06-25'	);
INSERT INTO COMMENTT VALUES(	17,	49	,	2021000008	,'	여기 다들좋으나 물흐리는 몇명이 있음	'	,'	2021-07-29'	);
INSERT INTO COMMENTT VALUES(	18,	36	,	2021000005	,'	이렇게 정보 주니까 편하네요	'	,'	2021-08-16'	);
INSERT INTO COMMENTT VALUES(	19,	24	,	2021000006	,'	여기 동아리 이름바꼈네요	'	,'	2021-09-25'	);
INSERT INTO COMMENTT VALUES(	20,	39	,	2021000014	,'	나때는 안그랬는데	'	,'	2021-10-12'	);
INSERT INTO COMMENTT VALUES(	21,	36	,	2020000002	,'	인정 리뷰처럼 똑같음	'	,'	2021-01-16'	);
INSERT INTO COMMENTT VALUES(	22,	12	,	2020000025	,'	아무것도 몰라도 가도되나요	'	,'	2021-02-05'	);
INSERT INTO COMMENTT VALUES(	23,	33	,	2020000027	,'	거짓말ㄷㄷ	'	,'	2021-03-11'	);
INSERT INTO COMMENTT VALUES(	24,	47	,	2020000005	,'	인정	'	,'	2021-04-12'	);
INSERT INTO COMMENTT VALUES(	25,	26	,	2020000022	,'	아니던데	'	,'	2021-05-25'	);
INSERT INTO COMMENTT VALUES(	26,	45	,	2020000040	,'	화석도 입부가능한가요	'	,'	2021-06-29'	);
INSERT INTO COMMENTT VALUES(	27,	42	,	2020000034	,'	신입생도 들어가도되나요	'	,'	2021-07-13'	);
INSERT INTO COMMENTT VALUES(	28,	1	,	2020000034	,'	18학번도 들어가도되나요	'	,'	2021-08-20'	);
INSERT INTO COMMENTT VALUES(	29,	18	,	2020000013	,'	학점도 챙길 수 있을까요	'	,'	2021-09-26'	);
INSERT INTO COMMENTT VALUES(	30,	28	,	2020000025	,'	회비는 얼마인가요	'	,'	2021-10-26'	);
INSERT INTO COMMENTT VALUES(	31,	24	,	2021000010	,'	동아리방 어디있나요	'	,'	2021-01-10'	);
INSERT INTO COMMENTT VALUES(	32,	48	,	2021000002	,'	여기 재밌었음	'	,'	2021-02-04'	);
INSERT INTO COMMENTT VALUES(	33,	47	,	2021000022	,'	소문안좋던데..	'	,'	2021-03-10'	);
INSERT INTO COMMENTT VALUES(	34,	37	,	2021000017	,'	여기 다들좋으나 물흐리는 몇명이 있음	'	,'	2021-04-19'	);
INSERT INTO COMMENTT VALUES(	35,	22	,	2021000033	,'	이렇게 정보 주니까 편하네요	'	,'	2021-05-23'	);
INSERT INTO COMMENTT VALUES(	36,	19	,	2021000013	,'	여기 동아리 이름바꼈네요	'	,'	2021-06-26'	);
INSERT INTO COMMENTT VALUES(	37,	11	,	2021000012	,'	나때는 안그랬는데	'	,'	2021-07-30'	);
INSERT INTO COMMENTT VALUES(	38,	45	,	2021000002	,'	인정 리뷰처럼 똑같음	'	,'	2021-08-17'	);
INSERT INTO COMMENTT VALUES(	39,	13	,	2021000031	,'	아무것도 몰라도 가도되나요	'	,'	2021-09-26'	);
INSERT INTO COMMENTT VALUES(	40,	26	,	2021000037	,'	거짓말ㄷㄷ	'	,'	2021-10-13'	);
INSERT INTO COMMENTT VALUES(	41,	28	,	2020000014	,'	인정	'	,'	2021-01-17'	);
INSERT INTO COMMENTT VALUES(	42,	8	,	2020000019	,'	아니던데	'	,'	2021-02-06'	);
INSERT INTO COMMENTT VALUES(	43,	5	,	2020000029	,'	화석도 입부가능한가요	'	,'	2021-03-12'	);
INSERT INTO COMMENTT VALUES(	44,	43	,	2020000003	,'	신입생도 들어가도되나요	'	,'	2021-04-13'	);
INSERT INTO COMMENTT VALUES(	45,	48	,	2020000036	,'	19학번도 들어가도되나요	'	,'	2021-05-26'	);
INSERT INTO COMMENTT VALUES(	46,	33	,	2020000028	,'	학점도 챙길 수 있을까요	'	,'	2021-06-30'	);
INSERT INTO COMMENTT VALUES(	47,	34	,	2020000012	,'	회비는 얼마인가요	'	,'	2021-07-14'	);
INSERT INTO COMMENTT VALUES(	48,	7	,	2020000021	,'	동아리방 어디있나요	'	,'	2021-08-21'	);
INSERT INTO COMMENTT VALUES(	49,	9	,	2020000005	,'	여기 재밌었음	'	,'	2021-09-27'	);
INSERT INTO COMMENTT VALUES(	50,	29	,	2020000033	,'	소문안좋던데..	'	,'	2021-10-27'	);

    -- REPLY
INSERT INTO REPLY VALUES(	1,	'인정	','	2022-01-15'	,	2022000007	,	1	);
INSERT INTO REPLY VALUES(	2,	'원래 뭔데요?	','	2022-02-04'	,	2022000035	,	2	);
INSERT INTO REPLY VALUES(	3,	'ㅋㅋㅋ	','	2022-03-10'	,	2022000021	,	3	);
INSERT INTO REPLY VALUES(	4,	'동의합니다	','	2022-04-11'	,	2022000019	,	4	);
INSERT INTO REPLY VALUES(	5,	'와도됩니다~다알려줌	','	2022-05-24'	,	2022000005	,	5	);
INSERT INTO REPLY VALUES(	6,	'뭐가 거짓말이죠	','	2022-06-28'	,	2022000012	,	6	);
INSERT INTO REPLY VALUES(	7,	'ㅇㅈ	','	2022-07-12'	,	2022000016	,	7	);
INSERT INTO REPLY VALUES(	8,	'뭐가 아니죠?	','	2022-08-19'	,	2022000036	,	8	);
INSERT INTO REPLY VALUES(	9,	'당연히 가능합니다	','	2022-09-25'	,	2022000018	,	9	);
INSERT INTO REPLY VALUES(	10,	'오히려 더 환영할걸요?	','	2022-10-15'	,	2022000020	,	10	);
INSERT INTO REPLY VALUES(	11,	'아마도?	','	2022-01-09'	,	2022000006	,	11	);
INSERT INTO REPLY VALUES(	12,	'이거하면서 과탑도 했음	','	2022-02-03'	,	2022000028	,	12	);
INSERT INTO REPLY VALUES(	13,	'까먹음	','	2022-03-09'	,	2022000009	,	13	);
INSERT INTO REPLY VALUES(	14,	'그 야구장옆에건물	','	2022-04-18'	,	2022000026	,	14	);
INSERT INTO REPLY VALUES(	15,	'여기가 재밌다고?	','	2022-05-22'	,	2022000003	,	15	);
INSERT INTO REPLY VALUES(	16,	'무슨소문?	','	2022-06-25'	,	2022000011	,	16	);
INSERT INTO REPLY VALUES(	17,	'그사람 나갔을걸요?	','	2022-07-29'	,	2022000032	,	17	);
INSERT INTO REPLY VALUES(	18,	'인정	','	2022-08-16'	,	2022000024	,	18	);
INSERT INTO REPLY VALUES(	19,	'원래 뭔데요?	','	2022-09-25'	,	2022000012	,	19	);
INSERT INTO REPLY VALUES(	20,	'ㅋㅋㅋ	','	2022-10-12'	,	2022000027	,	20	);
INSERT INTO REPLY VALUES(	21,	'동의합니다	','	2022-01-16'	,	2022000024	,	21	);
INSERT INTO REPLY VALUES(	22,	'와도됩니다~다알려줌	','	2022-02-05'	,	2022000035	,	22	);
INSERT INTO REPLY VALUES(	23,	'뭐가 거짓말이죠	','	2022-03-11'	,	2022000026	,	23	);
INSERT INTO REPLY VALUES(	24,	'ㅇㅈ	','	2022-04-12'	,	2022000030	,	24	);
INSERT INTO REPLY VALUES(	25,	'뭐가 아니죠?	','	2022-05-25'	,	2022000014	,	25	);
INSERT INTO REPLY VALUES(	26,	'당연히 가능합니다	','	2022-06-29'	,	2022000034	,	26	);
INSERT INTO REPLY VALUES(	27,	'오히려 더 환영할걸요?	','	2022-07-13'	,	2022000022	,	27	);
INSERT INTO REPLY VALUES(	28,	'아마도?	','	2022-08-20'	,	2022000031	,	28	);
INSERT INTO REPLY VALUES(	29,	'이거하면서 과탑도 했음	','	2022-09-26'	,	2022000033	,	29	);
INSERT INTO REPLY VALUES(	30,	'까먹음	','	2022-10-01'	,	2022000035	,	30	);
INSERT INTO REPLY VALUES(	31,	'그 야구장옆에건물	','	2022-01-10'	,	2022000021	,	31	);
INSERT INTO REPLY VALUES(	32,	'여기가 재밌다고?	','	2022-02-04'	,	2022000012	,	32	);
INSERT INTO REPLY VALUES(	33,	'무슨소문?	','	2022-03-10'	,	2022000039	,	33	);
INSERT INTO REPLY VALUES(	34,	'그사람 나갔을걸요?	','	2022-04-19'	,	2022000001	,	34	);
INSERT INTO REPLY VALUES(	35,	'인정	','	2022-05-23'	,	2022000015	,	35	);
INSERT INTO REPLY VALUES(	36,	'원래 뭔데요?	','	2022-06-26'	,	2022000014	,	36	);
INSERT INTO REPLY VALUES(	37,	'ㅋㅋㅋ	','	2022-07-30'	,	2022000036	,	37	);
INSERT INTO REPLY VALUES(	38,	'동의합니다	','	2022-08-17'	,	2022000038	,	38	);
INSERT INTO REPLY VALUES(	39,	'와도됩니다~다알려줌	','	2022-09-26'	,	2022000010	,	39	);
INSERT INTO REPLY VALUES(	40,	'뭐가 거짓말이죠	','	2022-10-13'	,	2022000019	,	40	);
INSERT INTO REPLY VALUES(	41,	'ㅇㅈ	','	2022-01-17'	,	2022000003	,	41	);
INSERT INTO REPLY VALUES(	42,	'뭐가 아니죠?	','	2022-02-06'	,	2022000033	,	42	);
INSERT INTO REPLY VALUES(	43,	'당연히 가능합니다	','	2022-03-12'	,	2022000022	,	43	);
INSERT INTO REPLY VALUES(	44,	'오히려 더 환영할걸요?	','	2022-04-13'	,	2022000014	,	44	);
INSERT INTO REPLY VALUES(	45,	'아마도?	','	2022-05-26'	,	2022000035	,	45	);
INSERT INTO REPLY VALUES(	46,	'이거하면서 과탑도 했음	','	2022-06-30'	,	2022000026	,	46	);
INSERT INTO REPLY VALUES(	47,	'까먹음	','	2022-07-14'	,	2022000023	,	47	);
INSERT INTO REPLY VALUES(	48,	'그 야구장옆에건물	','	2022-08-21'	,	2022000025	,	48	);
INSERT INTO REPLY VALUES(	49,	'여기가 재밌다고?	','	2022-09-27'	,	2022000028	,	49	);
INSERT INTO REPLY VALUES(	50,	'무슨소문?	','	2022-10-08'	,	2022000035	,	50	);